"SizeClass","Count","AvgWeight"
"Large",1752,118004.842223596
"Medium",14504,39785.5293619883
"Small",20600,44686.6724730411
